-- =============================================================================
-- AfriMentor — données initiales (généré depuis lib/data/seed.ts)
-- Ne pas éditer à la main : lancer `npm run db:seed-sql`.
-- =============================================================================

truncate table public.mentorship_requests, public.follows,
  public.saved_opportunities, public.testimonials, public.works,
  public.capsules, public.timeline_entries, public.articles,
  public.opportunities, public.pioneers restart identity cascade;

-- Pionniers
insert into public.pioneers (id, name, prefix, sector, region, headline, long_bio, experience, status, availability, views, completion, photo_url, tags, fiertes, related_ids, legacy, stats, published) values ('cecile', 'Dr Cécile Adjovi-Mensah', 'Pionnière', 'Santé', 'Ouémé', 'Médecin de santé publique — 38 ans de pratique en zones rurales', 'Médecin de santé publique. Trente-huit ans à servir les populations rurales de l''Ouémé. Spécialiste reconnue de la résilience des systèmes de soins en zones difficiles.', 38, 'Retraitée active', 'Mentorat ouvert', 2847, 100, null, '{"Santé","Recherche-action","Ouémé"}', '{"1988 — Premier réseau de relais communautaires de santé maternelle dans l''Ouémé, repris par le Ministère en 1995.","2007 — Protocole de soins itinérants pour zones inondables : −41 % de mortalité maternelle sur cinq ans.","2019 — Rapport « Résilience hospitalière en contexte de ressources contraintes » pour l''OMS."}', '{"mathias","norbert","auguste"}', 'Aux jeunes médecins qui me liront : la santé publique ne se résume pas aux statistiques nationales. Elle se joue au dispensaire de village, dans la confiance de la matrone, dans la patience qu''on met à expliquer plutôt qu''à prescrire. Faites-en autant et vous aurez votre histoire à raconter.', '{"Profil consulté":"2 847 fois","Capsules vues":"3 542","Téléchargements PDF":"128","Mentorés actifs":"7"}'::jsonb, true);
insert into public.pioneers (id, name, prefix, sector, region, headline, long_bio, experience, status, availability, views, completion, photo_url, tags, fiertes, related_ids, legacy, stats, published) values ('mathias', 'Ing. Mathias Houénou', 'Pionnier', 'Ingénierie', 'Atacora', 'Hydraulicien — Réseaux d''eau pour 47 communes de la CEDEAO', 'Ingénieur hydraulicien. Quarante ans à concevoir des réseaux d''eau potable dans des territoires que personne ne voulait desservir.', 41, 'Retraité actif', 'Conseil ponctuel', 1934, 100, 'https://images.unsplash.com/photo-1736896165046-5df757614776?w=800&auto=format&fit=crop&q=70', '{"Ingénierie","Eau & assainissement","Atacora"}', '{"1998 — Réseau gravitaire de Natitingou desservant 22 000 habitants sans pompe, encore en service.","2012 — Méthode de captage en zone de socle cristallin, adoptée par trois pays."}', '{"cecile","justin","theophile"}', 'Un réseau d''eau n''est pas un ouvrage, c''est une promesse. Concevez toujours ce que la commune pourra entretenir seule dans vingt ans — pas ce qui impressionne au moment de l''inauguration.', '{"Profil consulté":"1 934 fois","Capsules vues":"1 208","Téléchargements PDF":"74","Mentorés actifs":"4"}'::jsonb, true);
insert into public.pioneers (id, name, prefix, sector, region, headline, long_bio, experience, status, availability, views, completion, photo_url, tags, fiertes, related_ids, legacy, stats, published) values ('henriette', 'Maître Henriette Kpogan', 'Pionnière', 'Droit', 'Littoral', 'Magistrate — Présidente honoraire de la Cour d''Appel de Cotonou', 'Magistrate. Quarante-deux ans au service de la justice béninoise, dont vingt à former la relève.', 42, 'Honoraire', 'Mentorat ouvert', 2210, 100, 'https://images.unsplash.com/photo-1581475319737-4ae69b8926c7?q=80&w=800&auto=format&fit=crop', '{"Droit","OHADA","Littoral"}', '{"2010 — Refonte du module OHADA de l''École de la magistrature, encore enseigné.","2016 — Premier recueil commenté de jurisprudence commerciale béninoise."}', '{"emile","theophile","cecile"}', 'Le droit n''est pas un texte, c''est une pratique de la mesure. Aux jeunes magistrats : doutez de vos certitudes, écoutez la partie la plus faible deux fois plutôt qu''une, et n''oubliez jamais que derrière chaque dossier il y a une vie.', '{"Profil consulté":"2 210 fois","Capsules vues":"1 640","Téléchargements PDF":"97","Mentorés actifs":"6"}'::jsonb, true);
insert into public.pioneers (id, name, prefix, sector, region, headline, long_bio, experience, status, availability, views, completion, photo_url, tags, fiertes, related_ids, legacy, stats, published) values ('solange', 'Mme Solange Tomèty', 'Pionnière', 'Agriculture', 'Borgou', 'Agronome — Adaptation variétale du maïs sahélien sur 35 ans', 'Agronome sélectionneuse. Trente-cinq ans à documenter et améliorer les variétés de maïs résistantes à la sécheresse.', 35, 'Retraitée active', 'Mentorat ouvert', 1502, 100, null, '{"Agriculture","Sélection variétale","Borgou"}', '{"1997 — Identification de la lignée « Sô-3 », tolérante à 45 jours de stress hydrique.","2014 — Réseau de 60 paysans-sélectionneurs formés à la conservation variétale."}', '{"anastasie","mathias","albertine"}', 'Une semence, c''est une bibliothèque vivante. Chaque variété qu''on laisse disparaître est un chapitre qu''aucune université ne pourra réécrire. Documentez, partagez, semez.', '{"Profil consulté":"1 502 fois","Capsules vues":"940","Téléchargements PDF":"61","Mentorés actifs":"5"}'::jsonb, true);
insert into public.pioneers (id, name, prefix, sector, region, headline, long_bio, experience, status, availability, views, completion, photo_url, tags, fiertes, related_ids, legacy, stats, published) values ('emile', 'Pr Émile Sossou', 'Pionnier', 'Recherche', 'Atlantique', 'Économiste — Ancien directeur du Centre de recherche de l''UNB', 'Économiste. Quarante ans à observer les politiques monétaires de l''Afrique de l''Ouest.', 40, 'Professeur émérite', 'Conseil ponctuel', 1788, 100, 'https://images.unsplash.com/photo-1590697442615-a381b5b557c7?q=80&w=800&auto=format&fit=crop', '{"Recherche","Économie","Politique monétaire"}', '{"2001 — Premier modèle d''inflation calibré sur les données béninoises.","2015 — Étude fondatrice sur l''informalité et la transmission de la politique monétaire."}', '{"gisele","henriette","albertine"}', 'L''économie africaine ne se comprend pas avec des modèles importés. Observez d''abord, modélisez ensuite. Le marché de Dantokpa vous en apprendra plus qu''un manuel de Chicago.', '{"Profil consulté":"1 788 fois","Capsules vues":"1 102","Téléchargements PDF":"88","Mentorés actifs":"3"}'::jsonb, true);
insert into public.pioneers (id, name, prefix, sector, region, headline, long_bio, experience, status, availability, views, completion, photo_url, tags, fiertes, related_ids, legacy, stats, published) values ('auguste', 'Pr Auguste Bossou', 'Pionnier', 'Éducation', 'Mono', 'Pédagogue — Fondateur de quatre lycées techniques au Bénin', 'Pédagogue et bâtisseur d''écoles. Trente-neuf ans à penser l''enseignement technique comme un levier de dignité.', 39, 'Retraité actif', 'Mentorat ouvert', 1361, 100, null, '{"Éducation","Enseignement technique","Mono"}', '{"2003 — Référentiel national des métiers du bâtiment, toujours en vigueur.","2018 — Quatrième lycée technique ouvert, plus de 3 000 diplômés au total."}', '{"cecile","solange","theophile"}', 'On a trop longtemps fait croire aux enfants que la main qui travaille valait moins que la main qui écrit. Je laisse à la relève une conviction simple : un bon soudeur est aussi précieux qu''un bon juriste.', '{"Profil consulté":"1 361 fois","Capsules vues":"780","Téléchargements PDF":"52","Mentorés actifs":"8"}'::jsonb, true);
insert into public.pioneers (id, name, prefix, sector, region, headline, long_bio, experience, status, availability, views, completion, photo_url, tags, fiertes, related_ids, legacy, stats, published) values ('justin', 'Pr Justin Dégboé', 'Pionnier', 'Ingénierie', 'Plateau', 'Architecte — Plus de 200 édifices publics au Bénin et au Togo', 'Architecte de la commande publique. Quarante ans à dessiner des écoles, des marchés, des hôpitaux.', 40, 'Retraité actif', 'Conseil ponctuel', 1120, 55, 'https://images.unsplash.com/flagged/photo-1555497742-77cf45746c7f?q=80&w=800&auto=format&fit=crop', '{"Ingénierie","Architecture","Plateau"}', '{"1999 — Marché central de Pobè, modèle de ventilation naturelle reproduit dans six villes."}', '{"mathias","auguste","theophile"}', '', '{"Profil consulté":"1 120 fois","Capsules vues":"—","Téléchargements PDF":"31","Mentorés actifs":"2"}'::jsonb, true);
insert into public.pioneers (id, name, prefix, sector, region, headline, long_bio, experience, status, availability, views, completion, photo_url, tags, fiertes, related_ids, legacy, stats, published) values ('gisele', 'Mme Gisèle Hountondji', 'Pionnière', 'Finance', 'Littoral', 'Banquière — Directrice générale honoraire d''une banque pan-UEMOA', 'Banquière. Trente-six ans dans la finance ouest-africaine, dont quinze à la tête d''un grand réseau.', 36, 'Honoraire', 'Mentorat ouvert', 1640, 60, 'https://images.unsplash.com/photo-1678225894316-b6e83cd06242?q=80&w=800&auto=format&fit=crop', '{"Finance","Banque","Littoral"}', '{"2011 — Lancement d''un produit de crédit aux coopératives féminines, 40 000 bénéficiaires."}', '{"emile","anastasie","henriette"}', '', '{"Profil consulté":"1 640 fois","Capsules vues":"—","Téléchargements PDF":"44","Mentorés actifs":"3"}'::jsonb, true);
insert into public.pioneers (id, name, prefix, sector, region, headline, long_bio, experience, status, availability, views, completion, photo_url, tags, fiertes, related_ids, legacy, stats, published) values ('anastasie', 'Mme Anastasie Adékambi', 'Pionnière', 'Agriculture', 'Zou', 'Entrepreneure — Fondatrice d''une coopérative de 1 200 productrices', 'Entrepreneure rurale. De douze productrices en 1992 à mille deux cents aujourd''hui.', 33, 'Active', 'Conseil ponctuel', 1290, 45, 'https://images.unsplash.com/photo-1657356217673-4f7000f768b4?q=80&w=800&auto=format&fit=crop', '{"Agriculture","Entrepreneuriat","Zou"}', '{"2008 — Première unité de transformation gérée et détenue à 100 % par les productrices."}', '{"solange","gisele","auguste"}', '', '{"Profil consulté":"1 290 fois","Capsules vues":"—","Téléchargements PDF":"27","Mentorés actifs":"4"}'::jsonb, true);
insert into public.pioneers (id, name, prefix, sector, region, headline, long_bio, experience, status, availability, views, completion, photo_url, tags, fiertes, related_ids, legacy, stats, published) values ('theophile', 'M. Théophile Aïzonou', 'Pionnier', 'Administration', 'Collines', 'Haut fonctionnaire — Ancien secrétaire général de préfecture', 'Administrateur civil. Trente-sept ans au service de l''État, de la sous-préfecture au cabinet ministériel.', 37, 'Retraité', 'Mentorat ouvert', 870, 40, null, '{"Administration","Service public","Collines"}', '{"2009 — Guichet unique départemental, délai d''acte ramené de 21 à 3 jours."}', '{"henriette","auguste","mathias"}', '', '{"Profil consulté":"870 fois","Capsules vues":"—","Téléchargements PDF":"12","Mentorés actifs":"1"}'::jsonb, true);
insert into public.pioneers (id, name, prefix, sector, region, headline, long_bio, experience, status, availability, views, completion, photo_url, tags, fiertes, related_ids, legacy, stats, published) values ('albertine', 'Pr Albertine Gbaguidi', 'Pionnière', 'Recherche', 'Couffo', 'Linguiste — Documentation des langues fon et adja', 'Linguiste. Trente-quatre ans à documenter, transcrire et enseigner les langues nationales du Bénin.', 34, 'Professeure émérite', 'Mentorat ouvert', 980, 50, null, '{"Recherche","Linguistique","Couffo"}', '{"2013 — Premier dictionnaire fon-français-fon de référence, 28 000 entrées."}', '{"emile","solange","auguste"}', '', '{"Profil consulté":"980 fois","Capsules vues":"—","Téléchargements PDF":"35","Mentorés actifs":"2"}'::jsonb, true);
insert into public.pioneers (id, name, prefix, sector, region, headline, long_bio, experience, status, availability, views, completion, photo_url, tags, fiertes, related_ids, legacy, stats, published) values ('norbert', 'Dr Norbert Quenum', 'Pionnier', 'Santé', 'Donga', 'Chirurgien — Pionnier de la chirurgie de district au nord du Bénin', 'Chirurgien généraliste. Trente-deux ans à opérer là où il n''y avait personne pour le faire.', 32, 'Retraité actif', 'Conseil ponctuel', 1056, 55, 'https://plus.unsplash.com/premium_photo-1693146325979-027c2b00835c?q=80&w=800&auto=format&fit=crop', '{"Santé","Chirurgie","Donga"}', '{"2006 — Protocole de chirurgie d''urgence adapté aux blocs de district, diffusé dans le nord."}', '{"cecile","mathias","theophile"}', '', '{"Profil consulté":"1 056 fois","Capsules vues":"210","Téléchargements PDF":"19","Mentorés actifs":"3"}'::jsonb, true);

-- Parcours, capsules, œuvres, témoignages
insert into public.timeline_entries (pioneer_id, period, role, org, sort_order) values ('cecile', '1986 — 1992', 'Médecin généraliste, Dispensaire de Kétou', 'Ministère de la Santé · Préfecture de l''Ouémé', 0);
insert into public.timeline_entries (pioneer_id, period, role, org, sort_order) values ('cecile', '1992 — 2003', 'Médecin chef, Centre de santé d''Adjohoun', 'Conception du protocole de soins itinérants en zones inondables', 1);
insert into public.timeline_entries (pioneer_id, period, role, org, sort_order) values ('cecile', '2003 — 2014', 'Directrice départementale de la santé publique', 'Département de l''Ouémé · 1,2 million d''habitants', 2);
insert into public.timeline_entries (pioneer_id, period, role, org, sort_order) values ('cecile', '2014 — 2024', 'Consultante OMS Bénin', 'Évaluation des systèmes de santé ruraux dans 6 pays CEDEAO', 3);
insert into public.capsules (pioneer_id, type, title, duration, sort_order) values ('cecile', 'Capsule signature · Vidéo', 'Trois leçons que la zone rurale m''a apprises sur la santé publique', '▶ 2 min 48 · 1 247 vues', 0);
insert into public.capsules (pioneer_id, type, title, duration, sort_order) values ('cecile', 'Pédagogie · Audio', 'Pourquoi le relais communautaire reste irremplaçable', '♪ 2 min 12 · 583 écoutes', 1);
insert into public.capsules (pioneer_id, type, title, duration, sort_order) values ('cecile', 'Mémoire · Texte', 'L''épidémie de méningite de 1996 : ce qu''on n''a pas dit', '≡ 1 800 mots · 8 min', 2);
insert into public.capsules (pioneer_id, type, title, duration, sort_order) values ('cecile', 'Analyse · Vidéo', 'Concevoir un système de santé qui tient malgré les chocs', '▶ 2 min 56 · 712 vues', 3);
insert into public.works (pioneer_id, year, title, meta, type, sort_order) values ('cecile', '2019', 'Résilience hospitalière en contexte de ressources contraintes', 'Rapport OMS Bénin · 124 pages', 'Rapport', 0);
insert into public.works (pioneer_id, year, title, meta, type, sort_order) values ('cecile', '2014', 'La santé publique au village : trente ans de pratique', 'Éditions Présence Africaine · 280 pages', 'Livre', 1);
insert into public.works (pioneer_id, year, title, meta, type, sort_order) values ('cecile', '2011', 'Protocole de soins itinérants en zones inondables', 'Ministère de la Santé du Bénin', 'Méthode', 2);
insert into public.works (pioneer_id, year, title, meta, type, sort_order) values ('cecile', '2003', 'Prix de la République pour services rendus à la santé publique', 'Distinction présidentielle', 'Distinction', 3);
insert into public.testimonials (pioneer_id, text, author, role, sort_order) values ('cecile', 'Cécile a formé toute une génération de médecins de l''Ouémé. Sa rigueur méthodologique et sa connaissance intime du terrain font partie du patrimoine professionnel béninois.', 'Dr Paul Dossou', 'Ancien directeur national de la santé', 0);
insert into public.testimonials (pioneer_id, text, author, role, sort_order) values ('cecile', 'Sa capacité à articuler savoir académique et réalité du village est ce qui rend nos protocoles encore opérationnels aujourd''hui.', 'Pr Justine Tognon', 'Université d''Abomey-Calavi', 1);
insert into public.timeline_entries (pioneer_id, period, role, org, sort_order) values ('mathias', '1983 — 1995', 'Ingénieur de projet, Direction de l''Hydraulique', 'Ministère de l''Énergie et de l''Eau', 0);
insert into public.timeline_entries (pioneer_id, period, role, org, sort_order) values ('mathias', '1995 — 2010', 'Chef de la division réseaux ruraux', '47 communes équipées · Bénin, Togo, Burkina Faso', 1);
insert into public.timeline_entries (pioneer_id, period, role, org, sort_order) values ('mathias', '2010 — 2021', 'Expert régional eau & assainissement', 'UEMOA · Appui aux schémas directeurs nationaux', 2);
insert into public.capsules (pioneer_id, type, title, duration, sort_order) values ('mathias', 'Capsule signature · Vidéo', 'L''ingéniosité naît de la contrainte : trois chantiers, trois leçons', '▶ 3 min 04 · 642 vues', 0);
insert into public.capsules (pioneer_id, type, title, duration, sort_order) values ('mathias', 'Pédagogie · Texte', 'Dimensionner un réseau quand les données manquent', '≡ 2 100 mots · 9 min', 1);
insert into public.works (pioneer_id, year, title, meta, type, sort_order) values ('mathias', '2016', 'Manuel de conception des réseaux gravitaires en milieu rural', 'UEMOA · Document méthodologique', 'Méthode', 0);
insert into public.works (pioneer_id, year, title, meta, type, sort_order) values ('mathias', '2009', 'L''eau au bout du chemin : carnet d''un hydraulicien', 'Éditions du Flamboyant · 210 pages', 'Livre', 1);
insert into public.works (pioneer_id, year, title, meta, type, sort_order) values ('mathias', '2004', 'Captage en zone de socle : retour de dix projets', 'Revue Ingénierie Ouest-Africaine', 'Article', 2);
insert into public.testimonials (pioneer_id, text, author, role, sort_order) values ('mathias', 'Mathias a formé la majorité des hydrauliciens de terrain du nord du pays. Ses méthodes tiennent parce qu''elles sont nées du terrain.', 'Ing. Rose Kpadé', 'Direction de l''Hydraulique', 0);
insert into public.timeline_entries (pioneer_id, period, role, org, sort_order) values ('henriette', '1981 — 1994', 'Juge d''instance, Tribunal de Ouidah', 'Ministère de la Justice', 0);
insert into public.timeline_entries (pioneer_id, period, role, org, sort_order) values ('henriette', '1994 — 2008', 'Conseillère à la Cour d''Appel', 'Spécialité droit des affaires · OHADA', 1);
insert into public.timeline_entries (pioneer_id, period, role, org, sort_order) values ('henriette', '2008 — 2020', 'Présidente de la Cour d''Appel de Cotonou', 'Réforme de la formation initiale des magistrats', 2);
insert into public.timeline_entries (pioneer_id, period, role, org, sort_order) values ('henriette', '2020 — 2024', 'Présidente honoraire · formatrice', 'École de Formation des Professions Judiciaires', 3);
insert into public.capsules (pioneer_id, type, title, duration, sort_order) values ('henriette', 'Capsule signature · Vidéo', 'L''indépendance de la justice se construit dans la formation initiale', '▶ 2 min 39 · 891 vues', 0);
insert into public.capsules (pioneer_id, type, title, duration, sort_order) values ('henriette', 'Mémoire · Audio', 'Vingt ans à former la magistrature : ce qui reste à faire', '♪ 3 min 18 · 405 écoutes', 1);
insert into public.works (pioneer_id, year, title, meta, type, sort_order) values ('henriette', '2016', 'Jurisprudence commerciale béninoise — recueil commenté', 'Presses Universitaires du Bénin · 340 pages', 'Livre', 0);
insert into public.works (pioneer_id, year, title, meta, type, sort_order) values ('henriette', '2010', 'Module OHADA pour la formation initiale des magistrats', 'École de la magistrature', 'Méthode', 1);
insert into public.works (pioneer_id, year, title, meta, type, sort_order) values ('henriette', '2003', 'L''application de l''Acte uniforme au Bénin : premier bilan', 'Revue de droit OHADA', 'Article', 2);
insert into public.testimonials (pioneer_id, text, author, role, sort_order) values ('henriette', 'Madame Kpogan a posé les fondations de la formation continue des magistrats. Une exigence et une élégance qui obligent.', 'Me Sylvain Agbo', 'Bâtonnier honoraire', 0);
insert into public.timeline_entries (pioneer_id, period, role, org, sort_order) values ('solange', '1989 — 2001', 'Chercheuse, Station agronomique de Parakou', 'Institut National des Recherches Agricoles', 0);
insert into public.timeline_entries (pioneer_id, period, role, org, sort_order) values ('solange', '2001 — 2015', 'Responsable du programme maïs', 'Sept lignées résistantes identifiées', 1);
insert into public.timeline_entries (pioneer_id, period, role, org, sort_order) values ('solange', '2015 — 2023', 'Conseillère semencière indépendante', 'Appui aux coopératives du Borgou et de l''Alibori', 2);
insert into public.capsules (pioneer_id, type, title, duration, sort_order) values ('solange', 'Capsule signature · Vidéo', 'Les sept variétés de maïs que personne n''a documentées', '▶ 3 min 11 · 528 vues', 0);
insert into public.capsules (pioneer_id, type, title, duration, sort_order) values ('solange', 'Pédagogie · Texte', 'Conserver une semence vivante : le geste et la mémoire', '≡ 1 600 mots · 7 min', 1);
insert into public.works (pioneer_id, year, title, meta, type, sort_order) values ('solange', '2018', 'Atlas des maïs paysans du Bénin septentrional', 'INRAB · 180 pages illustrées', 'Livre', 0);
insert into public.works (pioneer_id, year, title, meta, type, sort_order) values ('solange', '2011', 'Sélection participative : protocole de terrain', 'INRAB · Document méthodologique', 'Méthode', 1);
insert into public.testimonials (pioneer_id, text, author, role, sort_order) values ('solange', 'Solange a sauvé des variétés que la modernisation allait effacer. C''est un patrimoine génétique qu''elle nous laisse.', 'Dr Idriss Bani', 'INRAB', 0);
insert into public.timeline_entries (pioneer_id, period, role, org, sort_order) values ('emile', '1984 — 1998', 'Maître de conférences en économie', 'Université Nationale du Bénin', 0);
insert into public.timeline_entries (pioneer_id, period, role, org, sort_order) values ('emile', '1998 — 2012', 'Directeur du Centre de recherche économique', 'UNB · Études sur la zone franc', 1);
insert into public.timeline_entries (pioneer_id, period, role, org, sort_order) values ('emile', '2012 — 2022', 'Conseiller scientifique', 'BCEAO · Comité de politique monétaire (observateur)', 2);
insert into public.capsules (pioneer_id, type, title, duration, sort_order) values ('emile', 'Capsule signature · Vidéo', 'Pourquoi nos modèles d''inflation se trompent', '▶ 2 min 51 · 736 vues', 0);
insert into public.capsules (pioneer_id, type, title, duration, sort_order) values ('emile', 'Analyse · Texte', 'Quarante ans à observer la BCEAO', '≡ 2 400 mots · 11 min', 1);
insert into public.works (pioneer_id, year, title, meta, type, sort_order) values ('emile', '2017', 'Souveraineté monétaire et économies informelles', 'Karthala · 320 pages', 'Livre', 0);
insert into public.works (pioneer_id, year, title, meta, type, sort_order) values ('emile', '2009', 'Inflation et zone franc : trois épisodes mal compris', 'Revue économique ouest-africaine', 'Article', 1);
insert into public.testimonials (pioneer_id, text, author, role, sort_order) values ('emile', 'Émile a formé deux générations d''économistes béninois. Sa rigueur et son indépendance d''esprit sont une école en soi.', 'Pr Aline Codjia', 'UAC, Faculté des sciences économiques', 0);
insert into public.timeline_entries (pioneer_id, period, role, org, sort_order) values ('auguste', '1985 — 1996', 'Professeur puis proviseur, Lycée technique de Lokossa', 'Ministère de l''Enseignement secondaire', 0);
insert into public.timeline_entries (pioneer_id, period, role, org, sort_order) values ('auguste', '1996 — 2012', 'Inspecteur de l''enseignement technique', 'Conception du référentiel des métiers du bâtiment', 1);
insert into public.timeline_entries (pioneer_id, period, role, org, sort_order) values ('auguste', '2012 — 2024', 'Fondateur de quatre lycées techniques', 'Mono, Couffo, Atacora', 2);
insert into public.capsules (pioneer_id, type, title, duration, sort_order) values ('auguste', 'Capsule signature · Vidéo', 'Enseigner un métier, c''est transmettre une dignité', '▶ 2 min 44 · 612 vues', 0);
insert into public.works (pioneer_id, year, title, meta, type, sort_order) values ('auguste', '2015', 'L''école qui forme à la vie : penser l''enseignement technique', 'L''Harmattan · 240 pages', 'Livre', 0);
insert into public.works (pioneer_id, year, title, meta, type, sort_order) values ('auguste', '2003', 'Référentiel des métiers du bâtiment', 'Ministère de l''Enseignement technique', 'Méthode', 1);
insert into public.testimonials (pioneer_id, text, author, role, sort_order) values ('auguste', 'Auguste a redonné ses lettres de noblesse à l''enseignement technique dans tout le sud-ouest du Bénin.', 'Mme Reine Akplogan', 'Direction de l''enseignement technique', 0);
insert into public.timeline_entries (pioneer_id, period, role, org, sort_order) values ('justin', '1984 — 2002', 'Architecte, Direction des bâtiments publics', 'Ministère de l''Urbanisme', 0);
insert into public.timeline_entries (pioneer_id, period, role, org, sort_order) values ('justin', '2002 — 2022', 'Architecte conseil indépendant', '200+ édifices publics · Bénin & Togo', 1);
insert into public.timeline_entries (pioneer_id, period, role, org, sort_order) values ('gisele', '1988 — 2005', 'Analyste puis directrice du crédit', 'Réseau bancaire UEMOA', 0);
insert into public.timeline_entries (pioneer_id, period, role, org, sort_order) values ('gisele', '2005 — 2020', 'Directrice générale', 'Banque commerciale présente dans 6 pays', 1);
insert into public.works (pioneer_id, year, title, meta, type, sort_order) values ('gisele', '2019', 'Financer l''économie réelle en zone UEMOA', 'Conférence inaugurale · ENEAM', 'Conférence', 0);
insert into public.timeline_entries (pioneer_id, period, role, org, sort_order) values ('anastasie', '1992 — 2010', 'Fondatrice, coopérative de transformation du soja', 'Bohicon · 12 puis 300 productrices', 0);
insert into public.timeline_entries (pioneer_id, period, role, org, sort_order) values ('anastasie', '2010 — 2025', 'Présidente de l''union des coopératives du Zou', '1 200 productrices · marché régional', 1);
insert into public.timeline_entries (pioneer_id, period, role, org, sort_order) values ('theophile', '1986 — 2004', 'Sous-préfet puis secrétaire général de préfecture', 'Ministère de l''Intérieur', 0);
insert into public.timeline_entries (pioneer_id, period, role, org, sort_order) values ('theophile', '2004 — 2023', 'Directeur de cabinet · plusieurs ministères', 'Réforme de la déconcentration administrative', 1);
insert into public.timeline_entries (pioneer_id, period, role, org, sort_order) values ('albertine', '1990 — 2008', 'Chercheuse en linguistique', 'Centre national de linguistique appliquée', 0);
insert into public.timeline_entries (pioneer_id, period, role, org, sort_order) values ('albertine', '2008 — 2024', 'Professeure, directrice de thèses', 'UAC · Documentation du fon et de l''adja', 1);
insert into public.works (pioneer_id, year, title, meta, type, sort_order) values ('albertine', '2013', 'Dictionnaire fon-français-fon', 'CNLA · 28 000 entrées', 'Livre', 0);
insert into public.timeline_entries (pioneer_id, period, role, org, sort_order) values ('norbert', '1992 — 2010', 'Chirurgien de district, Hôpital de Djougou', 'Ministère de la Santé', 0);
insert into public.timeline_entries (pioneer_id, period, role, org, sort_order) values ('norbert', '2010 — 2024', 'Référent chirurgical régional · formateur', 'Formation des médecins de district', 1);
insert into public.capsules (pioneer_id, type, title, duration, sort_order) values ('norbert', 'Mémoire · Audio', 'Opérer sans filet : ce que le district m''a enseigné', '♪ 2 min 50 · 210 écoutes', 0);

-- Articles
insert into public.articles (id, author_pioneer_id, sector, kind, read_time, article_date, reads, title, excerpt, body, published) values ('resilience', 'cecile', 'Santé', 'Analyse sectorielle', '8 min', 'il y a 3 jours', '2 847', 'Ce que trente-huit ans en zone rurale m''ont appris sur la résilience des systèmes de soins', 'Quand j''ai pris mes fonctions au dispensaire de Kétou en 1988, nous étions deux pour couvrir trois sous-préfectures. La théorie disait qu''il fallait des moyens. La réalité enseignait autre chose.', '["Quand j''ai pris mes fonctions au dispensaire de Kétou en 1988, nous étions deux pour couvrir trois sous-préfectures. La théorie disait qu''il fallait des moyens. La réalité enseignait autre chose. Quarante ans plus tard, je voudrais partager ce que cette pratique m''a appris — pour celles et ceux qui poursuivront le travail.","La première leçon est que la résilience d''un système de soins ne se mesure pas à ses équipements, mais à la densité du tissu humain qui l''entoure. Le relais communautaire, la matrone, l''instituteur du village : voilà l''infrastructure réelle. Quand l''épidémie de méningite a frappé en 1996, ce ne sont pas les ambulances qui ont tenu — c''est ce réseau.","La deuxième leçon concerne la sobriété. Un protocole qui dépend d''une chaîne du froid parfaite ou d''un approvisionnement régulier n''est pas un protocole, c''est un vœu. Nous avons appris à concevoir des soins itinérants qui fonctionnaient même quand la route était coupée trois mois par an.","La troisième leçon, enfin : on ne planifie pas la santé publique depuis la capitale. On l''écoute depuis le village, et on remonte. C''est l''inverse de ce qu''on m''avait enseigné, et c''est la seule chose qui ait jamais marché."]'::jsonb, true);
insert into public.articles (id, author_pioneer_id, sector, kind, read_time, article_date, reads, title, excerpt, body, published) values ('eau-borgou', 'mathias', 'Ingénierie', 'Retour d''expérience', '5 min', 'il y a 6 jours', '984', 'Construire un réseau d''eau quand le budget vous manque : ce que j''ai appris au Borgou', 'L''ingéniosité naît de la contrainte. Trois projets emblématiques, trois leçons qu''aucune école d''ingénieurs n''enseigne.', '["L''ingéniosité naît de la contrainte. Je l''ai compris sur trois chantiers du Borgou, où le budget disponible ne couvrait jamais plus du tiers de ce qu''un bureau d''études classique aurait préconisé.","Le premier réflexe a été d''abandonner le pompage partout où la topographie le permettait. Un réseau gravitaire ne tombe pas en panne, ne consomme rien, et la commune peut l''entretenir seule. C''est moins élégant sur un plan — mais c''est encore en service trente ans après.","Le deuxième principe : impliquer les futurs usagers dès le tracé. Ils connaissent les points d''eau ancestraux, les zones inondables, les conflits fonciers. Aucune étude géotechnique ne remplace cette mémoire-là.","La dernière leçon est la plus difficile à transmettre : savoir dire non à un financement qui impose une technologie ingérable localement. Un beau château d''eau à l''abandon coûte plus cher, humainement, qu''une borne-fontaine modeste qui dure."]'::jsonb, true);
insert into public.articles (id, author_pioneer_id, sector, kind, read_time, article_date, reads, title, excerpt, body, published) values ('magistrature', 'henriette', 'Droit', 'Mémoire', '12 min', 'il y a 9 jours', '1 203', 'Vingt années à former la magistrature béninoise : ce qui reste à faire', 'L''indépendance de la justice ne tient pas qu''à ses textes. Elle se construit dans la qualité de la formation initiale.', '["L''indépendance de la justice ne tient pas qu''à ses textes. Elle se construit, jour après jour, dans la qualité de la formation initiale des magistrats — et c''est à cette tâche que j''ai consacré la seconde moitié de ma carrière.","Quand j''ai pris la refonte du module OHADA en 2010, le constat était simple : nous formions d''excellents récitants du droit et de médiocres praticiens du doute. Or un bon juge est d''abord quelqu''un qui sait suspendre son jugement.","Ce qui reste à faire est immense. La formation continue est encore le parent pauvre. Un magistrat nommé en 1995 n''a, dans bien des cas, jamais été réexposé à une salle de cours. C''est une anomalie que la relève devra corriger.","Je crois aussi que nous devons documenter notre propre jurisprudence. Tant que la nôtre n''est pas accessible, commentée, enseignée, nous resterons les commentateurs du droit des autres."]'::jsonb, true);
insert into public.articles (id, author_pioneer_id, sector, kind, read_time, article_date, reads, title, excerpt, body, published) values ('mais-sahelien', 'solange', 'Agriculture', 'Pédagogie', '6 min', 'il y a 12 jours', '661', 'Le maïs sahélien : les sept variétés que personne n''a documentées', 'Trente-cinq ans de sélection variétale m''ont permis d''identifier sept lignées résistantes à la sécheresse, jamais inscrites dans aucun registre officiel.', '["Trente-cinq ans de sélection variétale m''ont permis d''identifier sept lignées de maïs résistantes à la sécheresse, jamais inscrites dans aucun registre officiel. Elles existent pourtant, dans les champs, depuis des générations.","La lignée que nous appelons « Sô-3 » tolère jusqu''à quarante-cinq jours de stress hydrique. Aucun catalogue commercial ne la connaît. Si les paysans qui la conservent disparaissent sans transmettre, elle disparaît avec eux.","Documenter une variété paysanne, ce n''est pas seulement noter un rendement. C''est consigner le geste de conservation, le calendrier, les associations culturales, les récits qui l''accompagnent.","Mon travail aujourd''hui consiste à former des paysans-sélectionneurs. Soixante à ce jour. Chacun devient le gardien d''une bibliothèque vivante — et c''est, je crois, la forme la plus concrète de transmission."]'::jsonb, true);
insert into public.articles (id, author_pioneer_id, sector, kind, read_time, article_date, reads, title, excerpt, body, published) values ('bceao', 'emile', 'Recherche', 'Analyse sectorielle', '11 min', 'il y a 16 jours', '1 047', 'Quarante ans à observer la BCEAO : pourquoi nos modèles d''inflation se trompent', 'Trois épisodes d''inflation que les modèles classiques n''ont pas vu venir, et ce qu''ils nous enseignent sur la souveraineté monétaire.', '["Trois épisodes d''inflation, en quarante ans d''observation de la zone, n''ont pas été anticipés par les modèles classiques. Ce n''est pas un détail technique : c''est le signe que nous appliquons des cadres pensés pour d''autres économies.","Le premier biais est de traiter le secteur informel comme un résidu. Or il est le canal principal de transmission des prix. Un modèle qui l''ignore ne décrit pas notre réalité.","Le second est temporel. Nos économies réagissent aux chocs avec des délais que les modèles importés sous-estiment systématiquement. La saisonnalité agricole, à elle seule, déforme toute lecture trimestrielle.","Je ne plaide pas contre la modélisation — j''y ai consacré ma vie. Je plaide pour qu''on observe d''abord, longuement, avant de modéliser. Le marché de Dantokpa enseigne plus, certains jours, qu''un séminaire."]'::jsonb, true);
insert into public.articles (id, author_pioneer_id, sector, kind, read_time, article_date, reads, title, excerpt, body, published) values ('enseignement-technique', 'auguste', 'Éducation', 'Témoignage', '7 min', 'il y a 21 jours', '538', 'Pourquoi j''ai consacré ma vie à l''enseignement technique', 'On a trop longtemps fait croire aux enfants que la main qui travaille valait moins que la main qui écrit.', '["On a trop longtemps fait croire aux enfants — et à leurs parents — que la main qui travaille valait moins que la main qui écrit. J''ai passé trente-neuf ans à démontrer le contraire.","Le premier lycée technique que j''ai dirigé, à Lokossa, était considéré comme le lycée des élèves « qui n''avaient pas réussi ». En dix ans, il est devenu celui qu''on choisissait.","Le secret n''est pas pédagogique, il est culturel. Tant qu''un bon soudeur n''est pas socialement respecté autant qu''un bon juriste, aucune réforme des programmes ne tiendra.","Je laisse quatre établissements et plus de trois mille diplômés. Mais je laisse surtout, je l''espère, une conviction : former à un métier, c''est transmettre une dignité."]'::jsonb, true);
insert into public.articles (id, author_pioneer_id, sector, kind, read_time, article_date, reads, title, excerpt, body, published) values ('cooperative', 'anastasie', 'Agriculture', 'Pédagogie', '7 min', 'il y a 25 jours', '472', 'Fonder une coopérative féminine quand on m''avait dit que c''était impossible', 'De 12 productrices en 1992 à 1 200 aujourd''hui. Ce que nous avons fait, ce que nous referions.', '["De douze productrices en 1992 à mille deux cents aujourd''hui. Quand j''ai commencé, on m''a expliqué — avec bienveillance — que ce n''était pas possible. Pas de garanties, pas de foncier, pas de marché.","Nous avons commencé par le plus petit dénominateur commun : transformer le soja ensemble, une journée par semaine. Pas de statuts, pas de banque. Juste un rythme.","La bascule est venue en 2008, avec notre première unité de transformation détenue à 100 % par les productrices. C''est la propriété qui change tout : elle transforme une bénéficiaire en décideuse.","Ce que je transmets aux jeunes femmes qui veulent entreprendre : ne cherchez pas l''investisseur d''abord. Cherchez le rythme, la confiance, la première vente. Le reste suit."]'::jsonb, true);

-- Opportunités
insert into public.opportunities (id, kind, sector, place, place_label, duration, title, org, deadline, description, tags, missions, profil, status) values ('oms-eval', 'Consultance', 'Santé', 'Bénin', 'Cotonou + déplacements', '6 semaines', 'Évaluation des systèmes de santé en milieu rural — Bénin & UEMOA', 'Organisation Mondiale de la Santé · Bureau Pays Bénin', '28 mai 2026', 'L''OMS Bénin recherche un médecin de santé publique senior pour conduire une évaluation comparative de trois systèmes de soins ruraux. Mission de cadrage stratégique post-COVID, avec rapport de synthèse et recommandations pour les ministères concernés.', '{"Santé publique","Recherche","38+ ans exp."}', '{"Cadrer la méthodologie d''évaluation comparative","Conduire deux missions de terrain (Bénin, Togo)","Rédiger le rapport de synthèse et les recommandations","Restituer auprès des ministères de la Santé concernés"}', '{"Médecin de santé publique, 30+ ans d''expérience","Connaissance des systèmes de soins ruraux ouest-africains","Expérience d''évaluation pour un bailleur multilatéral"}', 'publié');
insert into public.opportunities (id, kind, sector, place, place_label, duration, title, org, deadline, description, tags, missions, profil, status) values ('uac-conf', 'Conférence', 'Santé', 'Bénin', 'Abomey-Calavi', '1 journée', 'Conférence inaugurale du Master de Santé Publique — promotion 2026', 'Université d''Abomey-Calavi · Faculté des Sciences de la Santé', '15 juin 2026', 'L''UAC recherche une intervenante pionnière pour ouvrir la promotion 2026 du Master de Santé Publique sur le thème « Quarante ans après : ce que nous avons appris du terrain ».', '{"Santé publique","Pédagogie","Senior reconnu"}', '{"Conférence inaugurale d''1h30","Échange avec les étudiants de la promotion","Remise d''une bibliographie de référence"}', '{"Parcours senior reconnu en santé publique","Goût de la transmission pédagogique"}', 'publié');
insert into public.opportunities (id, kind, sector, place, place_label, duration, title, org, deadline, description, tags, missions, profil, status) values ('pnud-impact', 'Consultance', 'Santé', 'CEDEAO', 'À distance + 2 missions terrain', '3 mois', 'Étude d''impact sur les protocoles de soins itinérants — Vallée de l''Ouémé', 'PNUD Bénin · Programme Santé & Résilience', '10 juin 2026', 'Le PNUD recherche un évaluateur senior expérimenté sur les zones inondables pour conduire l''étude d''impact à dix ans du protocole de soins itinérants déployé dans l''Ouémé.', '{"Évaluation","Terrain","Connaissance Ouémé"}', '{"Analyse quantitative et qualitative d''impact","Deux missions de terrain dans la Vallée de l''Ouémé","Rapport final et restitution publique"}', '{"Expérience d''évaluation d''impact","Connaissance fine des zones inondables de l''Ouémé"}', 'publié');
insert into public.opportunities (id, kind, sector, place, place_label, duration, title, org, deadline, description, tags, missions, profil, status) values ('min-mentorat', 'Formation', 'Santé', 'Bénin', 'Porto-Novo', '4 sessions / 6 mois', 'Programme de mentorat des médecins juniors — Hôpital Régional de Porto-Novo', 'Ministère de la Santé du Bénin · Direction des Ressources Humaines', '20 juin 2026', 'Le Ministère recherche un médecin sénior accompli pour animer un programme structuré de mentorat à destination de 15 jeunes médecins en poste rural.', '{"Mentorat","Pédagogie","Rural"}', '{"Animer quatre sessions collectives sur six mois","Assurer un suivi individuel des 15 médecins juniors","Co-construire un référentiel de bonnes pratiques"}', '{"Médecin sénior, expérience rurale avérée","Capacité à structurer un cycle de mentorat"}', 'publié');
insert into public.opportunities (id, kind, sector, place, place_label, duration, title, org, deadline, description, tags, missions, profil, status) values ('uemoa-eau', 'Consultance', 'Ingénierie', 'CEDEAO', 'À distance', '2 mois', 'Revue des schémas directeurs d''hydraulique rurale — espace UEMOA', 'Commission de l''UEMOA · Département du développement rural', '5 juillet 2026', 'La Commission recherche un ingénieur hydraulicien senior pour une revue critique des schémas directeurs d''hydraulique rurale de quatre États membres.', '{"Hydraulique","Politique publique","Senior"}', '{"Revue critique de quatre schémas directeurs","Note de recommandations harmonisées","Atelier de restitution régional"}', '{"Ingénieur hydraulicien, 25+ ans d''expérience","Connaissance des cadres réglementaires UEMOA"}', 'publié');
insert into public.opportunities (id, kind, sector, place, place_label, duration, title, org, deadline, description, tags, missions, profil, status) values ('enam-droit', 'Formation', 'Droit', 'Bénin', 'Porto-Novo', 'Module · 5 jours', 'Module OHADA — École de Formation des Professions Judiciaires', 'École de Formation des Professions Judiciaires', '30 juin 2026', 'L''EFPJ recherche un magistrat honoraire pour actualiser et co-animer le module OHADA destiné aux auditeurs de justice.', '{"Droit OHADA","Formation","Magistrature"}', '{"Actualiser le contenu du module OHADA","Co-animer cinq jours de formation","Évaluer les auditeurs de justice"}', '{"Magistrat·e honoraire, spécialité droit des affaires","Expérience pédagogique en école de la magistrature"}', 'publié');
